"RK",TIERS,"PLAYER NAME",TEAM,"POS","BYE WEEK","SOS SEASON","ECR VS. ADP"
"1",1,"Ja'Marr Chase",CIN,"WR1","10","3 out of 5 stars","0"
"2",1,"Bijan Robinson",ATL,"RB1","5","4 out of 5 stars","0"
"3",1,"Justin Jefferson",MIN,"WR2","6","2 out of 5 stars","+2"
"4",1,"CeeDee Lamb",DAL,"WR3","10","2 out of 5 stars","+2"
"5",2,"Jahmyr Gibbs",DET,"RB2","8","2 out of 5 stars","-1"
"6",2,"Malik Nabers",NYG,"WR4","14","2 out of 5 stars","+4"
"7",2,"Puka Nacua",LAR,"WR5","8","3 out of 5 stars","0"
"8",2,"Amon-Ra St. Brown",DET,"WR6","8","3 out of 5 stars","+1"
"9",2,"Saquon Barkley",PHI,"RB3","9","3 out of 5 stars","-6"
"10",2,"Nico Collins",HOU,"WR7","6","4 out of 5 stars","+4"
"11",2,"Brian Thomas Jr.",JAC,"WR8","8","4 out of 5 stars","+4"
"12",3,"Drake London",ATL,"WR9","5","3 out of 5 stars","+8"
"13",3,"Christian McCaffrey",SF,"RB4","14","3 out of 5 stars","-5"
"14",3,"De'Von Achane",MIA,"RB5","12","4 out of 5 stars","-1"
"15",3,"Brock Bowers",LV,"TE1","8","2 out of 5 stars","+3"
"16",3,"A.J. Brown",PHI,"WR10","9","3 out of 5 stars","+1"
"17",3,"Ashton Jeanty",LV,"RB6","8","2 out of 5 stars","-5"
"18",3,"Ladd McConkey",LAC,"WR11","12","3 out of 5 stars","+7"
"19",3,"Jaxon Smith-Njigba",SEA,"WR12","8","3 out of 5 stars","+14"
"20",4,"Trey McBride",ARI,"TE2","8","5 out of 5 stars","+6"
"21",4,"Derrick Henry",BAL,"RB7","7","4 out of 5 stars","-10"
"22",4,"Garrett Wilson",NYJ,"WR13","9","4 out of 5 stars","+14"
"23",4,"Josh Allen",BUF,"QB1","7","4 out of 5 stars","0"
"24",4,"Tyreek Hill",MIA,"WR14","12","3 out of 5 stars","+4"
"25",4,"Tee Higgins",CIN,"WR15","10","3 out of 5 stars","+4"
"26",4,"Lamar Jackson",BAL,"QB2","7","3 out of 5 stars","-5"
"27",4,"Chase Brown",CIN,"RB8","10","4 out of 5 stars","0"
"28",4,"Bucky Irving",TB,"RB9","9","3 out of 5 stars","-6"
"29",4,"Davante Adams",LAR,"WR16","8","3 out of 5 stars","+11"
"30",4,"Josh Jacobs",GB,"RB10","5","4 out of 5 stars","-14"
"31",4,"Jonathan Taylor",IND,"RB11","11","2 out of 5 stars","-12"
"32",5,"George Kittle",SF,"TE3","14","3 out of 5 stars","+7"
"33",5,"Mike Evans",TB,"WR17","9","3 out of 5 stars","+9"
"34",5,"Jayden Daniels",WAS,"QB3","12","2 out of 5 stars","-4"
"35",5,"Jalen Hurts",PHI,"QB4","9","3 out of 5 stars","0"
"36",5,"Kyren Williams",LAR,"RB12","8","3 out of 5 stars","-12"
"37",5,"Marvin Harrison Jr.",ARI,"WR18","8","4 out of 5 stars","+6"
"38",5,"DJ Moore",CHI,"WR19","5","2 out of 5 stars","+9"
"39",5,"Terry McLaurin",WAS,"WR20","12","3 out of 5 stars","+2"
"40",5,"Breece Hall",NYJ,"RB13","9","5 out of 5 stars","-8"
"41",5,"Alvin Kamara",NO,"RB14","11","4 out of 5 stars","-4"
"42",5,"Kenneth Walker III",SEA,"RB15","8","3 out of 5 stars","-4"
"43",5,"DK Metcalf",PIT,"WR21","5","4 out of 5 stars","+5"
"44",5,"Joe Burrow",CIN,"QB5","10","2 out of 5 stars","-10"
"45",6,"Courtland Sutton",DEN,"WR22","12","3 out of 5 stars","+7"
"46",6,"James Cook",BUF,"RB16","7","4 out of 5 stars","-15"
"47",6,"DeVonta Smith",PHI,"WR23","9","3 out of 5 stars","+7"
"48",6,"Omarion Hampton",LAC,"RB17","12","2 out of 5 stars","-4"
"49",6,"Chuba Hubbard",CAR,"RB18","14","3 out of 5 stars","-4"
"50",6,"Rashee Rice",KC,"WR24","10","3 out of 5 stars","-1"
"51",6,"James Conner",ARI,"RB19","8","3 out of 5 stars","-5"
"52",6,"Zay Flowers",BAL,"WR25","7","3 out of 5 stars","+7"
"53",6,"Jaylen Waddle",MIA,"WR26","12","3 out of 5 stars","+22"
"54",6,"Tetairoa McMillan",CAR,"WR27","14","4 out of 5 stars","+15"
"55",6,"Xavier Worthy",KC,"WR28","10","3 out of 5 stars","+1"
"56",6,"George Pickens",DAL,"WR29","10","2 out of 5 stars","+11"
"57",6,"Jameson Williams",DET,"WR30","8","3 out of 5 stars","+4"
"58",6,"Chris Olave",NO,"WR31","11","4 out of 5 stars","+19"
"59",6,"Calvin Ridley",TEN,"WR32","10","4 out of 5 stars","+11"
"60",6,"Patrick Mahomes II",KC,"QB6","10","3 out of 5 stars","-9"
"61",6,"David Montgomery",DET,"RB20","8","2 out of 5 stars","-4"
"62",6,"D'Andre Swift",CHI,"RB21","5","3 out of 5 stars","-7"
"63",7,"T.J. Hockenson",MIN,"TE4","6","3 out of 5 stars","-1"
"64",7,"Travis Hunter",JAC,"WR33","8","4 out of 5 stars","+2"
"65",7,"TreVeyon Henderson",NE,"RB22","14","4 out of 5 stars","-5"
"66",7,"Jerry Jeudy",CLE,"WR34","9","2 out of 5 stars","+10"
"67",7,"Aaron Jones Sr.",MIN,"RB23","6","3 out of 5 stars","-2"
"68",7,"Sam LaPorta",DET,"TE5","8","3 out of 5 stars","-18"
"69",7,"Isiah Pacheco",KC,"RB24","10","2 out of 5 stars","-1"
"70",7,"Travis Kelce",KC,"TE6","10","3 out of 5 stars","-12"
"71",7,"Baker Mayfield",TB,"QB7","9","2 out of 5 stars","-8"
"72",7,"Tony Pollard",TEN,"RB25","10","2 out of 5 stars","+1"
"73",7,"Stefon Diggs",NE,"WR35","14","3 out of 5 stars","+14"
"74",7,"Bo Nix",DEN,"QB8","12","4 out of 5 stars","-2"
"75",7,"RJ Harvey",DEN,"RB26","12","2 out of 5 stars","-11"
"76",7,"Rome Odunze",CHI,"WR36","5","2 out of 5 stars","+4"
"77",7,"Jakobi Meyers",LV,"WR37","8","4 out of 5 stars","+12"
"78",7,"Chris Godwin",TB,"WR38","9","3 out of 5 stars","0"
"79",7,"Kyler Murray",ARI,"QB9","8","4 out of 5 stars","+4"
"80",7,"Evan Engram",DEN,"TE7","12","3 out of 5 stars","+2"
"81",7,"Joe Mixon",HOU,"RB27","6","2 out of 5 stars","-28"
"82",7,"Kaleb Johnson",PIT,"RB28","5","4 out of 5 stars","-11"
"83",7,"David Njoku",CLE,"TE8","9","3 out of 5 stars","+1"
"84",7,"Brian Robinson Jr.",WAS,"RB29","12","2 out of 5 stars","-5"
"85",8,"Justin Fields",NYJ,"QB10","9","5 out of 5 stars","+19"
"86",8,"Jaylen Warren",PIT,"RB30","5","4 out of 5 stars","+4"
"87",8,"Khalil Shakir",BUF,"WR39","7","3 out of 5 stars","+6"
"88",8,"Dak Prescott",DAL,"QB11","10","2 out of 5 stars","+14"
"89",8,"Jordan Addison",MIN,"WR40","6","2 out of 5 stars","-8"
"90",8,"Mark Andrews",BAL,"TE9","7","3 out of 5 stars","-16"
"91",8,"Tyrone Tracy Jr.",NYG,"RB31","14","3 out of 5 stars","-3"
"92",8,"Jauan Jennings",SF,"WR41","14","4 out of 5 stars","+3"
"93",8,"Josh Downs",IND,"WR42","11","4 out of 5 stars","+28"
"94",8,"Brock Purdy",SF,"QB12","14","4 out of 5 stars","+4"
"95",8,"Ricky Pearsall",SF,"WR43","14","4 out of 5 stars","+6"
"96",8,"Justin Herbert",LAC,"QB13","12","3 out of 5 stars","+11"
"97",8,"Deebo Samuel Sr.",WAS,"WR44","12","3 out of 5 stars","-11"
"98",8,"Caleb Williams",CHI,"QB14","5","2 out of 5 stars","+13"
"99",8,"Michael Pittman Jr.",IND,"WR45","11","4 out of 5 stars","+24"
"100",8,"Jared Goff",DET,"QB15","8","2 out of 5 stars","-3"
"101",8,"Jayden Reed",GB,"WR46","5","2 out of 5 stars","+5"
"102",8,"Cooper Kupp",SEA,"WR47","8","3 out of 5 stars","-17"
"103",8,"Travis Etienne Jr.",JAC,"RB32","8","2 out of 5 stars","-9"
"104",8,"Drake Maye",NE,"QB16","14","5 out of 5 stars","+38"
"105",8,"Jake Ferguson",DAL,"TE10","10","2 out of 5 stars","+29"
"106",8,"Tucker Kraft",GB,"TE11","5","2 out of 5 stars","+4"
"107",8,"Jordan Love",GB,"QB17","5","2 out of 5 stars","+20"
"108",8,"Emeka Egbuka",TB,"WR48","9","3 out of 5 stars","+9"
"109",8,"Javonte Williams",DAL,"RB33","10","2 out of 5 stars","-9"
"110",8,"Jordan Mason",MIN,"RB34","6","3 out of 5 stars","+6"
"111",8,"Zach Charbonnet",SEA,"RB35","8","3 out of 5 stars","+8"
"112",9,"Trevor Lawrence",JAC,"QB18","8","3 out of 5 stars","+54"
"113",9,"Tyjae Spears",TEN,"RB36","10","2 out of 5 stars","+19"
"114",9,"C.J. Stroud",HOU,"QB19","6","3 out of 5 stars","+21"
"115",9,"Dalton Kincaid",BUF,"TE12","7","3 out of 5 stars","+16"
"116",9,"Darnell Mooney",ATL,"WR49","5","3 out of 5 stars","+10"
"117",9,"Rhamondre Stevenson",NE,"RB37","14","4 out of 5 stars","-12"
"118",9,"Cam Skattebo",NYG,"RB38","14","3 out of 5 stars","-27"
"119",9,"Tyler Warren",IND,"TE13","11","3 out of 5 stars","-11"
"120",9,"Brandon Aiyuk",SF,"WR50","14","4 out of 5 stars","0"
"121",9,"Najee Harris",LAC,"RB39","12","2 out of 5 stars","-8"
"122",9,"J.K. Dobbins",DEN,"RB40","12","2 out of 5 stars","-10"
"123",9,"Dallas Goedert",PHI,"TE14","9","3 out of 5 stars","+7"
"124",9,"J.J. McCarthy",MIN,"QB20","6","2 out of 5 stars","+19"
"125",9,"Matthew Golden",GB,"WR51","5","2 out of 5 stars","-29"
"126",9,"Christian Kirk",HOU,"WR52","6","4 out of 5 stars","+41"
"127",9,"Rachaad White",TB,"RB41","9","3 out of 5 stars","+2"
"128",9,"Rashid Shaheed",NO,"WR53","11","4 out of 5 stars","+20"
"129",9,"Tank Bigsby",JAC,"RB42","8","2 out of 5 stars","+9"
"130",9,"Keon Coleman",BUF,"WR54","7","3 out of 5 stars","-8"
"131",9,"Tua Tagovailoa",MIA,"QB21","12","5 out of 5 stars","+31"
"132",9,"Colston Loveland",CHI,"TE15","5","4 out of 5 stars","-23"
"133",9,"Austin Ekeler",WAS,"RB43","12","2 out of 5 stars","+4"
"134",9,"Quinshon Judkins",CLE,"RB44","9","4 out of 5 stars","-42"
"135",9,"Luther Burden III",CHI,"WR55","5","2 out of 5 stars","+21"
"136",9,"Cedric Tillman",CLE,"WR56","9","2 out of 5 stars","+64"
"137",9,"Bryce Young",CAR,"QB22","14","3 out of 5 stars","+74"
"138",9,"Matthew Stafford",LAR,"QB23","8","3 out of 5 stars","+36"
"139",9,"Michael Penix Jr.",ATL,"QB24","5","4 out of 5 stars","+36"
"140",9,"Rashod Bateman",BAL,"WR57","7","3 out of 5 stars","+32"
"141",10,"Jerome Ford",CLE,"RB45","9","4 out of 5 stars","+17"
"142",10,"Hunter Henry",NE,"TE16","14","3 out of 5 stars","+27"
"143",10,"Tyler Allgeier",ATL,"RB46","5","4 out of 5 stars","+17"
"144",10,"Ray Davis",BUF,"RB47","7","4 out of 5 stars","+24"
"145",10,"Marquise Brown",KC,"WR58","10","3 out of 5 stars","+18"
"146",10,"Jonnu Smith",PIT,"TE17","5","3 out of 5 stars","-31"
"147",10,"Marvin Mims Jr.",DEN,"WR59","12","3 out of 5 stars","+5"
"148",10,"Adam Thielen",CAR,"WR60","14","4 out of 5 stars","+31"
"149",10,"Kyle Pitts Sr.",ATL,"TE18","5","3 out of 5 stars","-13"
"150",10,"Romeo Doubs",GB,"WR61","5","2 out of 5 stars","+54"
"151",10,"Tre' Harris",LAC,"WR62","12","3 out of 5 stars","-5"
"152",10,"Denver Broncos",DEN,"DST1","12","4 out of 5 stars","-49"
"153",10,"Jaydon Blue",DAL,"RB48","10","2 out of 5 stars","-14"
"154",10,"Trey Benson",ARI,"RB49","8","3 out of 5 stars","0"
"155",10,"Wan'Dale Robinson",NYG,"WR63","14","2 out of 5 stars","+44"
"156",10,"Geno Smith",LV,"QB25","8","3 out of 5 stars","+49"
"157",10,"Jayden Higgins",HOU,"WR64","6","4 out of 5 stars","-13"
"158",10,"Zach Ertz",WAS,"TE19","12","3 out of 5 stars","-7"
"159",10,"Braelon Allen",NYJ,"RB50","9","5 out of 5 stars","+18"
"160",10,"Isaac Guerendo",SF,"RB51","14","3 out of 5 stars","-11"
"161",10,"DeMario Douglas",NE,"WR65","14","3 out of 5 stars","+61"
"162",10,"Kyle Williams",NE,"WR66","14","3 out of 5 stars","+20"
"163",10,"Rico Dowdle",CAR,"RB52","14","3 out of 5 stars","+45"
"164",10,"Xavier Legette",CAR,"WR67","14","4 out of 5 stars","+16"
"165",10,"Dylan Sampson",CLE,"RB53","9","4 out of 5 stars","+13"
"166",10,"Quentin Johnston",LAC,"WR68","12","3 out of 5 stars","+30"
"167",10,"Philadelphia Eagles",PHI,"DST2","9","2 out of 5 stars","-53"
"168",10,"Jalen McMillan",TB,"WR69","9","3 out of 5 stars","+25"
"169",10,"Jaylen Wright",MIA,"RB54","12","4 out of 5 stars","+14"
"170",10,"Sam Darnold",SEA,"QB26","8","4 out of 5 stars","+50"
"171",10,"Cameron Ward",TEN,"QB27","10","2 out of 5 stars","0"
"172",10,"Pittsburgh Steelers",PIT,"DST3","5","3 out of 5 stars","-48"
"173",10,"Bhayshul Tuten",JAC,"RB55","8","2 out of 5 stars","-14"
"174",10,"Baltimore Ravens",BAL,"DST4","7","3 out of 5 stars","-46"
"175",10,"Nick Chubb",HOU,"RB56","6","2 out of 5 stars","-25"
"176",10,"Brenton Strange",JAC,"TE20","8","3 out of 5 stars","+21"
"177",10,"Minnesota Vikings",MIN,"DST5","6","2 out of 5 stars","-32"
"178",10,"Roschon Johnson",CHI,"RB57","5","3 out of 5 stars","+37"
"179",10,"DeAndre Hopkins",BAL,"WR70","7","3 out of 5 stars","+31"
"180",11,"Joshua Palmer",BUF,"WR71","7","3 out of 5 stars","+47"
"181",11,"Houston Texans",HOU,"DST6","6","2 out of 5 stars","-41"
"182",11,"Brandon Aubrey",DAL,"K1","10","4 out of 5 stars","-83"
"183",11,"Kansas City Chiefs",KC,"DST7","10","1 out of 5 stars","-7"
"184",11,"Jake Bates",DET,"K2","8","1 out of 5 stars","-59"
"185",11,"Buffalo Bills",BUF,"DST8","7","5 out of 5 stars","-52"
"186",11,"Detroit Lions",DET,"DST9","8","1 out of 5 stars","-25"
"187",11,"Pat Freiermuth",PIT,"TE21","5","3 out of 5 stars","+8"
"188",11,"Cameron Dicker",LAC,"K3","12","5 out of 5 stars","-70"
"189",11,"Jalen Coker",CAR,"WR72","14","4 out of 5 stars","+141"
"190",11,"Chig Okonkwo",TEN,"TE22","10","3 out of 5 stars","+34"
"191",11,"Jack Bech",LV,"WR73","8","4 out of 5 stars","-27"
"192",11,"Aaron Rodgers",PIT,"QB28","5","4 out of 5 stars","+33"
"193",11,"Blake Corum",LAR,"RB58","8","3 out of 5 stars","+36"
"194",11,"Mike Gesicki",CIN,"TE23","10","2 out of 5 stars","+29"
"195",11,"Isaiah Likely",BAL,"TE24","7","3 out of 5 stars","-25"
"196",11,"Keenan Allen",LAC,"WR74","12","3 out of 5 stars","-5"
"197",11,"Michael Wilson",ARI,"WR75","8","4 out of 5 stars","+127"
"198",11,"Cade Otton",TB,"TE25","9","3 out of 5 stars","+21"
"199",11,"Wil Lutz",DEN,"K4","12","5 out of 5 stars","-15"
"200",11,"Chris Boswell",PIT,"K5","5","1 out of 5 stars","-53"
"201",11,"Los Angeles Chargers",LAC,"DST10","12","5 out of 5 stars","+1"
"202",11,"Ka'imi Fairbairn",HOU,"K6","6","3 out of 5 stars","-49"
"203",11,"Alec Pierce",IND,"WR76","11","4 out of 5 stars","+53"
"204",11,"Seattle Seahawks",SEA,"DST11","8","3 out of 5 stars","+3"
"205",11,"Chase McLaughlin",TB,"K7","9","3 out of 5 stars","-64"
"206",11,"Los Angeles Rams",LAR,"DST12","8","3 out of 5 stars","-5"
"207",11,"MarShawn Lloyd",GB,"RB59","5","4 out of 5 stars","+25"
"208",11,"Mason Taylor",NYJ,"TE26","9","3 out of 5 stars","+39"
"209",11,"Green Bay Packers",GB,"DST13","5","2 out of 5 stars","-23"
"210",11,"Anthony Richardson Sr.",IND,"QB29","11","3 out of 5 stars","-12"
"211",11,"Darius Slayton",NYG,"WR77","14","2 out of 5 stars","+64"
"212",11,"Harrison Butker",KC,"K8","10","3 out of 5 stars","-57"
"213",11,"Evan McPherson",CIN,"K9","10","1 out of 5 stars","-19"
"214",11,"Dontayvion Wicks",GB,"WR78","5","2 out of 5 stars","+29"
"215",11,"Justice Hill",BAL,"RB60","7","4 out of 5 stars","-9"
"216",11,"Jaylin Noel",HOU,"WR79","6","4 out of 5 stars","+63"
"217",11,"New York Jets",NYJ,"DST14","9","5 out of 5 stars","-14"
"218",11,"Adonai Mitchell",IND,"WR80","11","4 out of 5 stars","+117"
"219",11,"Kareem Hunt",KC,"RB61","10","2 out of 5 stars","-30"
"220",11,"Tyler Bass",BUF,"K10","7","2 out of 5 stars","-47"
"221",12,"Calvin Austin III",PIT,"WR81","5","4 out of 5 stars","+34"
"222",12,"Andrei Iosivas",CIN,"WR82","10","3 out of 5 stars","+46"
"223",12,"Jake Elliott",PHI,"K11","9","2 out of 5 stars","-66"
"224",12,"Dalton Schultz",HOU,"TE27","6","3 out of 5 stars","+7"
"225",12,"Elic Ayomanor",TEN,"WR83","10","4 out of 5 stars","+87"
"226",12,"Tyler Lockett",TEN,"WR84","10","4 out of 5 stars","+26"
"227",12,"San Francisco 49ers",SF,"DST15","14","5 out of 5 stars","-62"
"228",12,"Devaughn Vele",DEN,"WR85","12","3 out of 5 stars","+182"
"229",12,"Jaleel McLaughlin",DEN,"RB62","12","2 out of 5 stars","+34"
"230",12,"Miles Sanders",DAL,"RB63","10","2 out of 5 stars","+19"
"231",12,"Kendre Miller",NO,"RB64","11","4 out of 5 stars","+11"
"232",12,"Jason Sanders",MIA,"K12","12","2 out of 5 stars","-51"
"233",12,"Russell Wilson",NYG,"QB30","14","1 out of 5 stars","+27"
"234",12,"Diontae Johnson",CLE,"WR86","9","2 out of 5 stars","+81"
"235",12,"Kyle Monangai",CHI,"RB65","5","3 out of 5 stars","+29"
"236",12,"Pat Bryant",DEN,"WR87","12","3 out of 5 stars","+47"
"237",12,"Younghoe Koo",ATL,"K13","5","4 out of 5 stars","-52"
"238",12,"Woody Marks",HOU,"RB66","6","2 out of 5 stars","+1"
"239",12,"Ja'Tavion Sanders",CAR,"TE28","14","4 out of 5 stars","+31"
"240",12,"Will Shipley",PHI,"RB67","9","3 out of 5 stars","-3"
"241",12,"Dallas Cowboys",DAL,"DST16","10","0 out of 5 stars","-51"
"242",12,"Juwan Johnson",NO,"TE29","11","3 out of 5 stars","+68"
"243",12,"DJ Giddens",IND,"RB68","11","2 out of 5 stars","-8"
"244",12,"Cole Kmet",CHI,"TE30","5","4 out of 5 stars","+15"
"245",12,"Devin Neal",NO,"RB69","11","4 out of 5 stars","+49"
"246",12,"Elijah Arroyo",SEA,"TE31","8","4 out of 5 stars","-18"
"247",12,"Roman Wilson",PIT,"WR88","5","4 out of 5 stars","+56"
"248",12,"Jalen Royals",KC,"WR89","10","3 out of 5 stars","+3"
"249",12,"Elijah Moore",BUF,"WR90","7","3 out of 5 stars","+93"
"250",12,"Brandin Cooks",NO,"WR91","11","4 out of 5 stars","+180"
"251",12,"Jalen Tolbert",DAL,"WR92","10","2 out of 5 stars","+158"
"252",12,"Dyami Brown",JAC,"WR93","8","4 out of 5 stars","+30"
"253",12,"Raheem Mostert",LV,"RB70","8","2 out of 5 stars","-20"
"254",12,"Keaton Mitchell",BAL,"RB71","7","4 out of 5 stars","+26"
"255",12,"Brashard Smith",KC,"RB72","10","2 out of 5 stars","+21"
"256",12,"Elijah Mitchell",KC,"RB73","10","2 out of 5 stars","+6"
"257",12,"Daniel Jones",IND,"QB31","11","3 out of 5 stars","+79"
"258",12,"Kayshon Boutte",NE,"WR94","14","3 out of 5 stars","+48"
"259",12,"Nick Westbrook-Ikhine",MIA,"WR95","12","3 out of 5 stars","+169"
"260",12,"Jarquez Hunter",LAR,"RB74","8","3 out of 5 stars","-19"
"261",12,"Audric Estime",DEN,"RB75","12","2 out of 5 stars","-8"
"262",12,"Malik Washington",MIA,"WR96","12","3 out of 5 stars","+294"
"263",12,"Tahj Brooks",CIN,"RB76","10","4 out of 5 stars","+24"
"264",12,"Matt Gay",WAS,"K14","12","3 out of 5 stars","-55"
"265",12,"Joshua Karty",LAR,"K15","8","2 out of 5 stars","-11"
"266",12,"Tampa Bay Buccaneers",TB,"DST17","9","3 out of 5 stars","-53"
"267",12,"Antonio Gibson",NE,"RB77","14","4 out of 5 stars","+42"
"268",12,"Cleveland Browns",CLE,"DST18","9","3 out of 5 stars","-23"
"269",13,"Trevor Etienne",CAR,"RB78","14","3 out of 5 stars","0"
"270",13,"Kenneth Gainwell",PIT,"RB79","5","4 out of 5 stars","+129"
"271",13,"Devin Singletary",NYG,"RB80","14","3 out of 5 stars","+119"
"272",13,"Harold Fannin Jr.",CLE,"TE32","9","3 out of 5 stars","+65"
"273",13,"Parker Washington",JAC,"WR97","8","4 out of 5 stars","+211"
"274",13,"Amari Cooper",FA,"WR98","-","-","+87"
"275",13,"Ty Johnson",BUF,"RB81","7","4 out of 5 stars","+166"
"276",13,"Tre Tucker",LV,"WR99","8","4 out of 5 stars","+135"
"277",13,"Ollie Gordon II",MIA,"RB82","12","4 out of 5 stars","+4"
"278",13,"Noah Gray",KC,"TE33","10","3 out of 5 stars","-5"
"279",13,"Tim Patrick",DET,"WR100","8","3 out of 5 stars","+46"
"280",13,"Tyler Shough",NO,"QB32","11","5 out of 5 stars","+52"
"281",13,"Joe Flacco",CLE,"QB33","9","2 out of 5 stars","+3"
"282",13,"Xavier Restrepo",TEN,"WR101","10","4 out of 5 stars","+41"
"283",13,"Sean Tucker",TB,"RB83","9","3 out of 5 stars","+31"
"284",13,"Theo Johnson",NYG,"TE34","14","2 out of 5 stars","+35"
"285",13,"Jordan James",SF,"RB84","14","3 out of 5 stars","-8"
"286",13,"Dont'e Thornton Jr.",LV,"WR102","8","4 out of 5 stars","-36"
"287",13,"Jalen Nailor",MIN,"WR103","6","2 out of 5 stars","+145"
"288",13,"Khalil Herbert",IND,"RB85","11","2 out of 5 stars","+208"
"289",13,"Jacory Croskey-Merritt",WAS,"RB86","12","2 out of 5 stars","-75"
"290",13,"Isaiah Davis",NYJ,"RB87","9","5 out of 5 stars","+459"
"291",13,"Luke McCaffrey",WAS,"WR104","12","3 out of 5 stars","+27"
"292",13,"Dameon Pierce",HOU,"RB88","6","2 out of 5 stars","+77"
"293",13,"Noah Fant",CIN,"TE35","10","2 out of 5 stars","-15"
"294",13,"Tory Horton",SEA,"WR105","8","3 out of 5 stars","-3"
"295",13,"Alexander Mattison",MIA,"RB89","12","4 out of 5 stars","+7"
"296",13,"Darren Waller",MIA,"TE36","12","3 out of 5 stars","-108"
"297",13,"Chicago Bears",CHI,"DST19","5","2 out of 5 stars","-85"
"298",13,"Taysom Hill",NO,"TE37","11","3 out of 5 stars","-60"
"299",13,"Sincere McCormick",LV,"RB90","8","2 out of 5 stars","+218"
"300",13,"Christian Watson",GB,"WR106","5","2 out of 5 stars","+33"
"301",13,"Terrance Ferguson",LAR,"TE38","8","4 out of 5 stars","-16"
"302",13,"Jaxson Dart",NYG,"QB34","14","1 out of 5 stars","-45"
"303",13,"Kimani Vidal",LAC,"RB91","12","2 out of 5 stars","+221"
"304",13,"Daniel Carlson",LV,"K16","8","3 out of 5 stars","-74"
"305",13,"Isaac TeSlaa",DET,"WR107","8","3 out of 5 stars","-65"
"306",13,"Jermaine Burton",CIN,"WR108","10","3 out of 5 stars","+39"
"307",13,"Oronde Gadsden II",LAC,"TE39","12","3 out of 5 stars","+98"
"308",13,"Gabe Davis",FA,"WR109","-","-","-"
"309",13,"Damien Martinez",SEA,"RB92","8","3 out of 5 stars","+137"
"310",13,"Zack Moss",FA,"RB93","-","-","-84"
"311",13,"Ty Chandler",MIN,"RB94","6","3 out of 5 stars","+53"
"312",13,"Chris Brooks",GB,"RB95","5","4 out of 5 stars","+211"
"313",13,"Tyler Higbee",LAR,"TE40","8","4 out of 5 stars","-39"
"314",13,"Tez Johnson",TB,"WR110","9","3 out of 5 stars","+86"
"315",13,"Emanuel Wilson",GB,"RB96","5","4 out of 5 stars","+142"
"316",13,"Jason Myers",SEA,"K17","8","5 out of 5 stars","-27"
"317",14,"Will Reichard",MIN,"K18","6","0 out of 5 stars","-83"
"318",14,"Chris Rodriguez Jr.",WAS,"RB97","12","2 out of 5 stars","+307"
"319",14,"New England Patriots",NE,"DST20","14","4 out of 5 stars","-101"
"320",14,"Will Dissly",LAC,"TE41","12","3 out of 5 stars","+19"
"321",14,"Tutu Atwell",LAR,"WR111","8","3 out of 5 stars","+10"
"322",14,"Shedeur Sanders",CLE,"QB35","9","2 out of 5 stars","-76"
"323",14,"Ben Sinnott",WAS,"TE42","12","3 out of 5 stars","+64"
"324",14,"Phil Mafah",DAL,"RB98","10","2 out of 5 stars","+452"
"325",14,"Tyler Loop",BAL,"K19","7","2 out of 5 stars","-109"
"326",14,"Tyler Conklin",LAC,"TE43","12","3 out of 5 stars","-10"
"327",14,"Raheim Sanders",LAC,"RB99","12","2 out of 5 stars","-"
"328",14,"Zamir White",LV,"RB100","8","2 out of 5 stars","+23"
"329",14,"Justin Tucker",FA,"K20","-","-","-62"
"330",14,"Miami Dolphins",MIA,"DST21","12","2 out of 5 stars","-69"
"331",14,"Arizona Cardinals",ARI,"DST22","8","4 out of 5 stars","-114"
"332",14,"Ray-Ray McCloud III",ATL,"WR112","5","3 out of 5 stars","-6"
"333",14,"John Metchie III",HOU,"WR113","6","4 out of 5 stars","+211"
"334",14,"Jordan Whittington",LAR,"WR114","8","3 out of 5 stars","+26"
"335",14,"Gus Edwards",FA,"RB101","-","-","-"
"336",14,"Josh Reynolds",NYJ,"WR115","9","4 out of 5 stars","+314"
"337",14,"Jalen Milroe",SEA,"QB36","8","4 out of 5 stars","-65"
"338",14,"Noah Brown",WAS,"WR116","12","3 out of 5 stars","+124"
"339",14,"Demarcus Robinson",SF,"WR117","14","4 out of 5 stars","+98"
"340",14,"A.J. Dillon",PHI,"RB102","9","3 out of 5 stars","-54"
"341",14,"Tai Felton",MIN,"WR118","6","2 out of 5 stars","+119"
"342",14,"Marquez Valdes-Scantling",SEA,"WR119","8","3 out of 5 stars","-13"
"343",14,"Samaje Perine",CIN,"RB103","10","4 out of 5 stars","-50"
"344",14,"Spencer Rattler",NO,"QB37","11","5 out of 5 stars","+106"
"345",14,"Dawson Knox",BUF,"TE44","7","3 out of 5 stars","-49"
"346",14,"KaVontae Turpin",DAL,"WR120","10","2 out of 5 stars","-46"
"347",14,"Michael Mayer",LV,"TE45","8","2 out of 5 stars","-26"
"348",14,"Cam Akers",NO,"RB104","11","4 out of 5 stars","+118"
"349",14,"Isaiah Bond",FA,"WR121","-","-","-"
"350",14,"Jake Moody",SF,"K21","14","5 out of 5 stars","-114"
"351",14,"Savion Williams",GB,"WR122","5","2 out of 5 stars","+110"
"352",14,"Troy Franklin",DEN,"WR123","12","3 out of 5 stars","-60"
"353",14,"New York Giants",NYG,"DST23","14","1 out of 5 stars","-161"
"354",14,"Eddy Pineiro",FA,"K22","-","-","+114"
"355",14,"Luke Musgrave",GB,"TE46","5","2 out of 5 stars","-35"
"356",14,"Brandon McManus",GB,"K23","5","3 out of 5 stars","-135"
"357",14,"Tank Dell",HOU,"WR124","6","4 out of 5 stars","-60"
"358",14,"AJ Barner",SEA,"TE47","8","4 out of 5 stars","-41"
"359",14,"Chimere Dike",TEN,"WR125","10","4 out of 5 stars","+551"
"360",14,"Curtis Samuel",BUF,"WR126","7","3 out of 5 stars","+76"
"361",14,"Kirk Cousins",ATL,"QB38","5","4 out of 5 stars","-53"
"362",14,"Jameis Winston",NYG,"QB39","14","1 out of 5 stars","-21"
"363",14,"Donovan Edwards",NYJ,"RB105","9","5 out of 5 stars","+232"
"364",14,"Jaylin Lane",WAS,"WR127","12","3 out of 5 stars","+52"
"365",14,"Washington Commanders",WAS,"DST24","12","4 out of 5 stars","-178"
"366",14,"Robert Woods",PIT,"WR128","5","4 out of 5 stars","+7"
"367",14,"Matt Prater",FA,"K24","-","-","+130"
"368",14,"Dillon Gabriel",CLE,"QB40","9","2 out of 5 stars","+272"
"369",15,"Greg Dortch",ARI,"WR129","8","4 out of 5 stars","+133"
"370",15,"Gunnar Helm",TEN,"TE48","10","3 out of 5 stars","+411"
"371",15,"Mack Hollins",NE,"WR130","14","3 out of 5 stars","-9"
"372",15,"Kenny Pickett",CLE,"QB41","9","2 out of 5 stars","+143"
"373",15,"KeAndre Lambert-Smith",LAC,"WR131","12","3 out of 5 stars","+23"
"374",15,"Hunter Renfrow",CAR,"WR132","14","4 out of 5 stars","-47"
"375",15,"LeQuint Allen Jr.",JAC,"RB106","8","2 out of 5 stars","+162"
"376",15,"Austin Hooper",NE,"TE49","14","3 out of 5 stars","-26"
"377",15,"Allen Lazard",NYJ,"WR133","9","4 out of 5 stars","+43"
"378",15,"Theo Wease Jr.",MIA,"WR134","12","3 out of 5 stars","-"
"379",15,"Van Jefferson",TEN,"WR135","10","4 out of 5 stars","+130"
"380",15,"Luke Schoonmaker",DAL,"TE50","10","2 out of 5 stars","+1"
"381",15,"Trey Sermon",PIT,"RB107","5","4 out of 5 stars","+221"
"382",15,"Cam Little",JAC,"K25","8","5 out of 5 stars","-87"
"383",15,"Antwane Wells Jr.",NYG,"WR136","14","2 out of 5 stars","-"
"384",15,"Emari Demercado",ARI,"RB108","8","3 out of 5 stars","+245"
"385",15,"Jahan Dotson",PHI,"WR137","9","3 out of 5 stars","-74"
"386",15,"Tommy Tremble",CAR,"TE51","14","4 out of 5 stars","+59"
"387",15,"Jacob Cowing",SF,"WR138","14","4 out of 5 stars","+100"
"388",15,"Olamide Zaccheaus",CHI,"WR139","5","2 out of 5 stars","0"
"389",15,"Indianapolis Colts",IND,"DST25","11","4 out of 5 stars","-141"
"390",15,"Ameer Abdullah",SF,"RB109","14","3 out of 5 stars","+415"
"391",15,"Ja'Quinden Jackson",JAC,"RB110","8","2 out of 5 stars","+393"
"392",15,"Cincinnati Bengals",CIN,"DST26","10","2 out of 5 stars","-148"
"393",15,"Foster Moreau",NO,"TE52","11","3 out of 5 stars","+187"
"394",15,"Chad Ryland",ARI,"K26","8","3 out of 5 stars","-66"
"395",15,"Jordan Watkins",SF,"WR140","14","4 out of 5 stars","+338"
"396",15,"Kyle Juszczyk",SF,"RB111","14","3 out of 5 stars","-10"
"397",15,"Deshaun Watson",CLE,"QB42","9","2 out of 5 stars","-45"
"398",15,"Tyrod Taylor",NYJ,"QB43","9","5 out of 5 stars","+244"
"399",15,"Malachi Corley",NYJ,"WR141","9","4 out of 5 stars","+164"
"400",15,"Jonathon Brooks",CAR,"RB112","14","3 out of 5 stars","+131"
"401",15,"Jonathan Mingo",DAL,"WR142","10","2 out of 5 stars","+315"
"402",15,"Ja'Lynn Polk",NE,"WR143","14","3 out of 5 stars","+345"
"403",15,"Michael Gallup",WAS,"WR144","12","3 out of 5 stars","+172"
"404",15,"Bub Means",NO,"WR145","11","4 out of 5 stars","+178"
"405",15,"Kendrick Bourne",NE,"WR146","14","3 out of 5 stars","+2"
"406",15,"Kalel Mullings",TEN,"RB113","10","2 out of 5 stars","+505"
"407",15,"Cairo Santos",CHI,"K27","5","1 out of 5 stars","-119"
"408",15,"Mason Rudolph",PIT,"QB44","5","4 out of 5 stars","+14"
"409",15,"Grant Calcaterra",PHI,"TE53","9","3 out of 5 stars","-69"
"410",15,"JuJu Smith-Schuster",KC,"WR147","10","3 out of 5 stars","-97"
"411",15,"Atlanta Falcons",ATL,"DST27","5","3 out of 5 stars","-121"
"412",15,"Devontez Walker",BAL,"WR148","7","3 out of 5 stars","+37"
"413",15,"Craig Reynolds",DET,"RB114","8","2 out of 5 stars","-47"
"414",15,"Javon Baker",NE,"WR149","14","3 out of 5 stars","+148"
"415",15,"Jalin Hyatt",NYG,"WR150","14","2 out of 5 stars","-26"
"416",15,"Blake Grupe",NO,"K28","11","5 out of 5 stars","-117"
"417",15,"Cade Stover",HOU,"TE54","6","3 out of 5 stars","+215"
"418",15,"Jamari Thrash",CLE,"WR151","9","2 out of 5 stars","+115"
"419",15,"KhaDarel Hodge",ATL,"WR152","5","3 out of 5 stars","+246"
"420",15,"Clyde Edwards-Helaire",NO,"RB115","11","4 out of 5 stars","+60"
"421",15,"Josh Oliver",MIN,"TE55","6","3 out of 5 stars","-63"
"422",15,"Zay Jones",ARI,"WR153","8","4 out of 5 stars","+384"
"423",15,"Jake Bobo",SEA,"WR154","8","3 out of 5 stars","-69"
"424",15,"Jeremy Ruckert",NYJ,"TE56","9","3 out of 5 stars","+119"
"425",15,"Arian Smith",NYJ,"WR155","9","4 out of 5 stars","+376"
"426",15,"Kalif Raymond",DET,"WR156","8","3 out of 5 stars","-63"
"427",15,"Joe Milton III",DAL,"QB45","10","2 out of 5 stars","-93"
"428",15,"Alec Ingold",MIA,"RB116","12","4 out of 5 stars","+388"
"429",15,"Rondale Moore",MIN,"WR157","6","2 out of 5 stars","+98"
"430",15,"Aidan O'Connell",LV,"QB46","8","3 out of 5 stars","-26"
"431",15,"New Orleans Saints",NO,"DST28","11","4 out of 5 stars","-166"
"432",15,"Jake Haener",NO,"QB47","11","5 out of 5 stars","+290"
"433",15,"Marcus Yarns",NO,"RB117","11","4 out of 5 stars","+498"
"434",15,"Darnell Washington",PIT,"TE57","5","3 out of 5 stars","-90"
"435",15,"D'Ernest Johnson",BAL,"RB118","7","4 out of 5 stars","+386"
"436",15,"Greg Dulcich",NYG,"TE58","14","2 out of 5 stars","+405"
"437",16,"Graham Gano",NYG,"K29","14","0 out of 5 stars","-133"
"438",16,"Mitchell Evans",CAR,"TE59","14","4 out of 5 stars","-7"
"439",16,"Stone Smartt",NYJ,"TE60","9","3 out of 5 stars","+275"
"440",16,"Jimmy Horn Jr.",CAR,"WR158","14","4 out of 5 stars","-135"
"441",16,"Marcus Mariota",WAS,"QB48","12","2 out of 5 stars","-2"
"442",16,"Julian Hill",MIA,"TE61","12","3 out of 5 stars","-45"
"443",16,"Zach Wilson",MIA,"QB49","12","5 out of 5 stars","+31"
"444",16,"Cordarrelle Patterson",FA,"RB119","-","-","+199"
"445",16,"Will Howard",PIT,"QB50","5","4 out of 5 stars","-102"
"446",16,"Malik Willis",GB,"QB51","5","2 out of 5 stars","-70"
"447",16,"Jimmy Garoppolo",LAR,"QB52","8","3 out of 5 stars","-34"
"448",16,"Michael Carter",ARI,"RB120","8","3 out of 5 stars","+242"
"449",16,"Elijah Higgins",ARI,"TE62","8","5 out of 5 stars","-64"
"450",16,"Sam Howell",MIN,"QB53","6","2 out of 5 stars","+50"
"451",16,"Pierre Strong Jr.",CLE,"RB121","9","4 out of 5 stars","+249"
"452",16,"Dare Ogunbowale",HOU,"RB122","6","2 out of 5 stars","+122"
"453",16,"Patrick Taylor Jr.",SF,"RB123","14","3 out of 5 stars","+114"
"454",16,"K.J. Osborn",WAS,"WR159","12","3 out of 5 stars","+98"
"455",16,"Ronnie Rivers",LAR,"RB124","8","3 out of 5 stars","+258"
"456",16,"Deuce Vaughn",DAL,"RB125","10","2 out of 5 stars","-72"
"457",16,"Jake Browning",CIN,"QB54","10","2 out of 5 stars","+89"
"458",16,"Jeremy McNichols",WAS,"RB126","12","2 out of 5 stars","+37"
"459",16,"David Bell",CLE,"WR160","9","2 out of 5 stars","-"
"460",16,"Chris Tyree",NO,"RB127","11","4 out of 5 stars","+337"
"461",16,"Tyler Johnson",NYJ,"WR161","9","4 out of 5 stars","+219"
"462",16,"Tyler Goodson",IND,"RB128","11","2 out of 5 stars","+150"
"463",16,"Treylon Burks",TEN,"WR162","10","4 out of 5 stars","+234"
"464",16,"Josh Whyle",TEN,"TE63","10","3 out of 5 stars","+156"
"465",16,"Mac Jones",SF,"QB55","14","4 out of 5 stars","-85"
"466",16,"Julius Chestnut",TEN,"RB129","10","2 out of 5 stars","-10"
"467",16,"Kylen Granson",PHI,"TE64","9","3 out of 5 stars","+364"
"468",16,"Michael Burton",DEN,"RB130","12","2 out of 5 stars","+96"
"469",16,"Harrison Bryant",PHI,"TE65","9","3 out of 5 stars","+144"
"470",16,"Hassan Haskins",LAC,"RB131","12","2 out of 5 stars","+43"
"471",16,"Ezekiel Elliott",FA,"RB132","-","-","-52"
"472",16,"Brevin Jordan",HOU,"TE66","6","3 out of 5 stars","+124"
"473",16,"DeeJay Dallas",ARI,"RB133","8","3 out of 5 stars","+206"
"474",16,"Derius Davis",LAC,"WR163","12","3 out of 5 stars","+149"
"475",16,"Carson Steele",KC,"RB134","10","2 out of 5 stars","-105"
"476",16,"John Bates",WAS,"TE67","12","3 out of 5 stars","+123"
"477",16,"Cedrick Wilson Jr.",NO,"WR164","11","4 out of 5 stars","+183"
"478",16,"Dylan Laube",LV,"RB135","8","2 out of 5 stars","+267"
"479",16,"Cooper Rush",BAL,"QB56","7","3 out of 5 stars","-81"
"480",16,"Tyler Badie",DEN,"RB136","12","2 out of 5 stars","+129"
"481",16,"Taylor Heinicke",LAC,"QB57","12","3 out of 5 stars","+165"
"482",16,"Scotty Miller",PIT,"WR165","5","4 out of 5 stars","+187"
"483",16,"Johnny Mundt",JAC,"TE68","8","3 out of 5 stars","+169"